1,폴더,,010-0001-0001,1@abc.com,,,4,2021- 11- 19  00:00:00,2022- 01- 28  00:00:00
2,리더스원:다산북스,,010-0002-0002,2@abc.com,,,25,2021- 04- 16  00:00:00,2022- 01- 28  00:00:00
3,전나무숲,,010-0001-0002,3@abc.com,,,5,2021- 09- 12  00:00:00,2022- 01- 28  00:00:00
4,헬리오스,,010-0002-0003,4@abc.com,,,13,2021- 04- 15  00:00:00,2022- 01- 28  00:00:00
5,마음이음,,010-0001-0003,5@abc.com,,,26,2021- 06- 15  00:00:00,2022- 01- 28  00:00:00
6,소원나무,,010-0002-0004,6@abc.com,,,21,2021- 10- 19  00:00:00,2022- 01- 28  00:00:00
7,21세기북스,,010-0001-0004,7@abc.com,,,2,2021- 11- 25  00:00:00,2022- 01- 28  00:00:00
8,올리,,010-0002-0005,8@abc.com,,,3,2021- 01- 25  00:00:00,2022- 01- 28  00:00:00
9,다산에듀:다산북스,,010-0001-0005,9@abc.com,,,25,2021- 06- 17  00:00:00,2022- 01- 28  00:00:00
10,푸른역사,,010-0002-0006,10@abc.com,,,22,2021- 11- 21  00:00:00,2022- 01- 28  00:00:00
11,오월의봄,,010-0001-0006,11@abc.com,,,19,2021- 04- 07  00:00:00,2022- 01- 28  00:00:00
12,그레파이트온핑크,,010-0002-0007,12@abc.com,,,12,2021- 01- 13  00:00:00,2022- 01- 28  00:00:00
13,고래책빵,,010-0001-0007,13@abc.com,,,23,2021- 04- 28  00:00:00,2022- 01- 28  00:00:00
14,다산초당:다산북스,,010-0002-0008,14@abc.com,,,27,2021- 06- 09  00:00:00,2022- 01- 28  00:00:00
15,길벗어린이,,010-0001-0008,15@abc.com,,,8,2021- 07- 19  00:00:00,2022- 01- 28  00:00:00
16,좋은책신사고:좋은책어린이,,010-0002-0009,16@abc.com,,,11,2021- 03- 28  00:00:00,2022- 01- 28  00:00:00
17,21세기북스:북이십일,,010-0001-0009,17@abc.com,,,22,2021- 04- 03  00:00:00,2022- 01- 28  00:00:00
18,포레스트북스:콘텐츠그룹 포레스트,,010-0001-0010,18@abc.com,,,7,2021- 11- 05  00:00:00,2022- 01- 28  00:00:00
19,에프엔미디어,,010-0001-0011,19@abc.com,,,4,2021- 04- 01  00:00:00,2022- 01- 28  00:00:00
20,슈크림북,,010-0001-0012,20@abc.com,,,22,2021- 12- 19  00:00:00,2022- 01- 28  00:00:00
21,위즈덤하우스,,010-0001-0013,21@abc.com,,,8,2021- 01- 13  00:00:00,2022- 01- 28  00:00:00
22,미다스북스,,010-0001-0014,22@abc.com,,,29,2021- 02- 04  00:00:00,2022- 01- 28  00:00:00
23,비즈니스북스,,010-0001-0015,23@abc.com,,,2,2021- 03- 18  00:00:00,2022- 01- 28  00:00:00
24,탐나는책,,010-0001-0016,24@abc.com,,,2,2021- 05- 03  00:00:00,2022- 01- 28  00:00:00
25,책으로여는세상,,010-0001-0017,25@abc.com,,,30,2021- 06- 21  00:00:00,2022- 01- 28  00:00:00
26,페이지2(page2),,010-0001-0018,26@abc.com,,,18,2021- 04- 16  00:00:00,2022- 01- 28  00:00:00
27,호밀밭,,010-0001-0019,27@abc.com,,,24,2021- 03- 03  00:00:00,2022- 01- 28  00:00:00
28,오유아이,,010-0001-0020,28@abc.com,,,26,2021- 04- 10  00:00:00,2022- 01- 28  00:00:00
29,페이퍼로드,,010-0001-0021,29@abc.com,,,5,2021- 12- 27  00:00:00,2022- 01- 28  00:00:00
30,가문비,,010-0001-0022,30@abc.com,,,17,2021- 01- 03  00:00:00,2022- 01- 28  00:00:00
31,단비어린이:가치창조,,010-0001-0023,31@abc.com,,,22,2021- 09- 06  00:00:00,2022- 01- 28  00:00:00
32,특별한서재,,010-0001-0024,32@abc.com,,,21,2021- 03- 16  00:00:00,2022- 01- 28  00:00:00
33,단비어린이,,010-0001-0025,33@abc.com,,,28,2021- 12- 13  00:00:00,2022- 01- 28  00:00:00
34,유노라이프,,010-0001-0026,34@abc.com,,,29,2021- 11- 02  00:00:00,2022- 01- 28  00:00:00
35,삼호미디어,,010-0001-0027,35@abc.com,,,20,2021- 03- 21  00:00:00,2022- 01- 28  00:00:00
36,마인드빌딩,,010-0001-0028,36@abc.com,,,10,2021- 01- 11  00:00:00,2022- 01- 28  00:00:00
37,가나:가나문화콘텐츠,,010-0001-0029,37@abc.com,,,3,2021- 11- 10  00:00:00,2022- 01- 28  00:00:00
38,아이세움:미래엔,,010-0001-0030,38@abc.com,,,9,2021- 09- 06  00:00:00,2022- 01- 28  00:00:00
39,휴머니스트,,010-0001-0031,39@abc.com,,,6,2021- 01- 26  00:00:00,2022- 01- 28  00:00:00
40,행복에너지,,010-0001-0032,40@abc.com,,,15,2021- 07- 06  00:00:00,2022- 01- 28  00:00:00
41,메이트북스,,010-0001-0033,41@abc.com,,,29,2021- 12- 10  00:00:00,2022- 01- 28  00:00:00
42,다산북스,,010-0001-0034,42@abc.com,,,9,2021- 12- 04  00:00:00,2022- 01- 28  00:00:00
43,다산책방:다산북스,,010-0001-0035,43@abc.com,,,14,2021- 07- 21  00:00:00,2022- 01- 28  00:00:00
44,열다:열다북스,,010-0001-0036,44@abc.com,,,10,2021- 11- 27  00:00:00,2022- 01- 28  00:00:00
45,루나파인북스,,010-0001-0037,45@abc.com,,,21,2021- 07- 13  00:00:00,2022- 01- 28  00:00:00
46,창비,,010-0001-0038,46@abc.com,,,17,2021- 06- 28  00:00:00,2022- 01- 28  00:00:00
47,보리,,010-0001-0039,47@abc.com,,,12,2021- 07- 03  00:00:00,2022- 01- 28  00:00:00
48,스윙테일:타인의취향,,010-0001-0040,48@abc.com,,,7,2021- 07- 20  00:00:00,2022- 01- 28  00:00:00
49,설렘,,010-0001-0041,49@abc.com,,,6,2021- 06- 14  00:00:00,2022- 01- 28  00:00:00
50,설렘:슬로디미디어그룹,,010-0001-0042,50@abc.com,,,25,2021- 04- 07  00:00:00,2022- 01- 28  00:00:00
51,글항아리,,010-0001-0043,51@abc.com,,,7,2021- 10- 05  00:00:00,2022- 01- 28  00:00:00
52,동아시아,,010-0001-0044,52@abc.com,,,20,2021- 05- 03  00:00:00,2022- 01- 28  00:00:00
53,커넥팅,,010-0001-0045,53@abc.com,,,3,2021- 07- 19  00:00:00,2022- 01- 28  00:00:00
54,EBS BOOKS,,010-0001-0046,54@abc.com,,,30,2021- 12- 20  00:00:00,2022- 01- 28  00:00:00
55,놀:다산북스,,010-0001-0047,55@abc.com,,,7,2021- 12- 21  00:00:00,2022- 01- 28  00:00:00
56,뜨인돌,,010-0001-0048,56@abc.com,,,13,2021- 02- 08  00:00:00,2022- 01- 28  00:00:00
57,잇츠북어린이,,010-0001-0049,57@abc.com,,,12,2021- 11- 02  00:00:00,2022- 01- 28  00:00:00
58,키큰도토리,,010-0001-0050,58@abc.com,,,13,2021- 09- 10  00:00:00,2022- 01- 28  00:00:00
59,아울북:북이십일아울북,,010-0001-0051,59@abc.com,,,28,2021- 04- 21  00:00:00,2022- 01- 28  00:00:00
60,아울북:북이십일,,010-0001-0052,60@abc.com,,,12,2021- 08- 20  00:00:00,2022- 01- 28  00:00:00
61,아울북,,010-0001-0053,61@abc.com,,,15,2021- 10- 27  00:00:00,2022- 01- 28  00:00:00
62,북스피어,,010-0001-0054,62@abc.com,,,21,2021- 01- 27  00:00:00,2022- 01- 28  00:00:00
63,에쎄이,,010-0001-0055,63@abc.com,,,25,2021- 04- 08  00:00:00,2022- 01- 28  00:00:00
64,아울북:북이십일 아울북,,010-0001-0056,64@abc.com,,,7,2021- 06- 17  00:00:00,2022- 01- 28  00:00:00
65,중앙books:중앙일보에스,,010-0001-0057,65@abc.com,,,14,2021- 01- 20  00:00:00,2022- 01- 28  00:00:00
66,중앙북스,,010-0001-0058,66@abc.com,,,25,2021- 08- 05  00:00:00,2022- 01- 28  00:00:00
67,초록비책공방,,010-0001-0059,67@abc.com,,,9,2021- 09- 25  00:00:00,2022- 01- 28  00:00:00
68,유유,,010-0001-0060,68@abc.com,,,6,2021- 08- 28  00:00:00,2022- 01- 28  00:00:00
69,김영사,,010-0001-0061,69@abc.com,,,11,2021- 07- 05  00:00:00,2022- 01- 28  00:00:00
70,흐름,,010-0001-0062,70@abc.com,,,25,2021- 10- 28  00:00:00,2022- 01- 28  00:00:00
71,어린이작가정신,,010-0001-0063,71@abc.com,,,30,2021- 12- 16  00:00:00,2022- 01- 28  00:00:00
72,내일을여는책,,010-0001-0064,72@abc.com,,,11,2021- 05- 17  00:00:00,2022- 01- 28  00:00:00
73,생각의길:아름다운사람들,,010-0001-0065,73@abc.com,,,24,2021- 08- 26  00:00:00,2022- 01- 28  00:00:00
74,한빛비즈,,010-0001-0066,74@abc.com,,,11,2021- 11- 02  00:00:00,2022- 01- 28  00:00:00
75,서사원,,010-0001-0067,75@abc.com,,,29,2021- 05- 27  00:00:00,2022- 01- 28  00:00:00
76,Handis:핸디스 소잉스토리,,010-0001-0068,76@abc.com,,,10,2021- 12- 10  00:00:00,2022- 01- 28  00:00:00
77,대교북스,,010-0001-0069,77@abc.com,,,12,2021- 08- 06  00:00:00,2022- 01- 28  00:00:00
78,미래엔:아이세움,,010-0001-0070,78@abc.com,,,20,2021- 11- 02  00:00:00,2022- 01- 28  00:00:00
79,뜻밖,,010-0001-0071,79@abc.com,,,11,2021- 10- 27  00:00:00,2022- 01- 28  00:00:00
80,미래의창,,010-0001-0072,80@abc.com,,,2,2021- 02- 15  00:00:00,2022- 01- 28  00:00:00
81,황금가지,,010-0001-0073,81@abc.com,,,11,2021- 07- 19  00:00:00,2022- 01- 28  00:00:00
82,책읽는곰,,010-0001-0074,82@abc.com,,,20,2021- 05- 21  00:00:00,2022- 01- 28  00:00:00
83,스윙테일,,010-0001-0075,83@abc.com,,,29,2021- 03- 03  00:00:00,2022- 01- 28  00:00:00
84,한겨레,,010-0001-0076,84@abc.com,,,16,2021- 04- 11  00:00:00,2022- 01- 28  00:00:00
85,교육과실천,,010-0001-0077,85@abc.com,,,1,2021- 08- 26  00:00:00,2022- 01- 28  00:00:00
86,수오서재,,010-0001-0078,86@abc.com,,,20,2021- 02- 28  00:00:00,2022- 01- 28  00:00:00
87,들녘,,010-0001-0079,87@abc.com,,,7,2021- 10- 08  00:00:00,2022- 01- 28  00:00:00
88,곰곰:휴머니스트,,010-0001-0080,88@abc.com,,,17,2021- 07- 07  00:00:00,2022- 01- 28  00:00:00
89,청어람주니어,,010-0001-0081,89@abc.com,,,22,2021- 08- 11  00:00:00,2022- 01- 28  00:00:00
90,이데아,,010-0001-0082,90@abc.com,,,2,2021- 10- 24  00:00:00,2022- 01- 28  00:00:00
91,푸른숲주니어:푸른숲,,010-0001-0083,91@abc.com,,,6,2021- 09- 21  00:00:00,2022- 01- 28  00:00:00
92,레시피팩토리,,010-0001-0084,92@abc.com,,,27,2021- 11- 19  00:00:00,2022- 01- 28  00:00:00
93,북바이북,,010-0001-0085,93@abc.com,,,24,2021- 07- 09  00:00:00,2022- 01- 28  00:00:00
94,문학과 지성사,,010-0001-0086,94@abc.com,,,5,2021- 01- 13  00:00:00,2022- 01- 28  00:00:00
95,새빛,,010-0001-0087,95@abc.com,,,2,2021- 11- 28  00:00:00,2022- 01- 28  00:00:00
96,앨리스,,010-0001-0088,96@abc.com,,,19,2021- 11- 08  00:00:00,2022- 01- 28  00:00:00
97,두란노(두란노서원),,010-0001-0089,97@abc.com,,,21,2021- 04- 25  00:00:00,2022- 01- 28  00:00:00
98,소울하우스,,010-0001-0090,98@abc.com,,,1,2021- 10- 03  00:00:00,2022- 01- 28  00:00:00
99,자음과모음,,010-0001-0091,99@abc.com,,,2,2021- 07- 06  00:00:00,2022- 01- 28  00:00:00
100,녹색광선,,010-0001-0092,100@abc.com,,,13,2021- 10- 11  00:00:00,2022- 01- 28  00:00:00
101,뜻밖에,,010-0001-0093,101@abc.com,,,10,2021- 05- 13  00:00:00,2022- 01- 28  00:00:00
102,글로벌콘텐츠,,010-0001-0094,102@abc.com,,,10,2021- 05- 13  00:00:00,2022- 01- 28  00:00:00
103,이학사,,010-0001-0095,103@abc.com,,,27,2021- 02- 14  00:00:00,2022- 01- 28  00:00:00
104,아침달,,010-0001-0096,104@abc.com,,,16,2021- 05- 19  00:00:00,2022- 01- 28  00:00:00
105,빈티지하우스,,010-0001-0097,105@abc.com,,,26,2021- 02- 20  00:00:00,2022- 01- 28  00:00:00
106,경향BP,,010-0001-0098,106@abc.com,,,22,2021- 07- 10  00:00:00,2022- 01- 28  00:00:00
107,크레용하우스,,010-0001-0099,107@abc.com,,,2,2021- 06- 01  00:00:00,2022- 01- 28  00:00:00
108,해냄(해냄출판사),,010-0001-0100,108@abc.com,,,26,2021- 09- 01  00:00:00,2022- 01- 28  00:00:00
109,라임,,010-0001-0101,109@abc.com,,,14,2021- 11- 07  00:00:00,2022- 01- 28  00:00:00
110,성안북스,,010-0001-0102,110@abc.com,,,29,2021- 01- 19  00:00:00,2022- 01- 28  00:00:00
111,가디언,,010-0001-0103,111@abc.com,,,1,2021- 06- 07  00:00:00,2022- 01- 28  00:00:00
112,리더스북,,010-0001-0104,112@abc.com,,,29,2021- 10- 01  00:00:00,2022- 01- 28  00:00:00
113,샘터사,,010-0001-0105,113@abc.com,,,8,2021- 09- 13  00:00:00,2022- 01- 28  00:00:00
114,비제이퍼블릭,,010-0001-0106,114@abc.com,,,12,2021- 04- 07  00:00:00,2022- 01- 28  00:00:00
115,사람in,,010-0001-0107,115@abc.com,,,9,2021- 09- 28  00:00:00,2022- 01- 28  00:00:00
116,종이향기,,010-0001-0108,116@abc.com,,,16,2021- 09- 18  00:00:00,2022- 01- 28  00:00:00
117,미디어숲:다빈치하우스,,010-0001-0109,117@abc.com,,,30,2021- 11- 12  00:00:00,2022- 01- 28  00:00:00
118,공감,,010-0001-0110,118@abc.com,,,25,2021- 07- 02  00:00:00,2022- 01- 28  00:00:00
119,그린비,,010-0001-0111,119@abc.com,,,3,2021- 06- 06  00:00:00,2022- 01- 28  00:00:00
120,문학수첩,,010-0001-0112,120@abc.com,,,2,2021- 05- 21  00:00:00,2022- 01- 28  00:00:00
121,한국문화사,,010-0001-0113,121@abc.com,,,14,2021- 11- 14  00:00:00,2022- 01- 28  00:00:00
122,이숲,,010-0001-0114,122@abc.com,,,9,2021- 12- 21  00:00:00,2022- 01- 28  00:00:00
123,문학동네,,010-0001-0115,123@abc.com,,,13,2021- 06- 05  00:00:00,2022- 01- 28  00:00:00
124,혜윰터,,010-0001-0116,124@abc.com,,,3,2021- 10- 11  00:00:00,2022- 01- 28  00:00:00
125,마음책방,,010-0001-0117,125@abc.com,,,16,2021- 04- 07  00:00:00,2022- 01- 28  00:00:00
126,가나,,010-0001-0118,126@abc.com,,,5,2021- 02- 04  00:00:00,2022- 01- 28  00:00:00
127,퍼블리온,,010-0001-0119,127@abc.com,,,17,2021- 12- 06  00:00:00,2022- 01- 28  00:00:00
128,한티재,,010-0001-0120,128@abc.com,,,24,2021- 05- 11  00:00:00,2022- 01- 28  00:00:00
129,라라의숲,,010-0001-0121,129@abc.com,,,24,2021- 08- 20  00:00:00,2022- 01- 28  00:00:00
130,한울림:한울림어린이,,010-0001-0122,130@abc.com,,,26,2021- 02- 12  00:00:00,2022- 01- 28  00:00:00
131,비룡소,,010-0001-0123,131@abc.com,,,3,2021- 02- 16  00:00:00,2022- 01- 28  00:00:00
132,금성출판사,,010-0001-0124,132@abc.com,,,3,2021- 03- 16  00:00:00,2022- 01- 28  00:00:00
133,어떤책,,010-0001-0125,133@abc.com,,,13,2021- 08- 07  00:00:00,2022- 01- 28  00:00:00
134,홍성사,,010-0001-0126,134@abc.com,,,30,2021- 06- 13  00:00:00,2022- 01- 28  00:00:00
135,바람의아이들,,010-0001-0127,135@abc.com,,,11,2021- 02- 12  00:00:00,2022- 01- 28  00:00:00
136,상상출판,,010-0001-0128,136@abc.com,,,17,2021- 09- 26  00:00:00,2022- 01- 28  00:00:00
137,청아,,010-0001-0129,137@abc.com,,,14,2021- 11- 15  00:00:00,2022- 01- 28  00:00:00
138,아이세움,,010-0001-0130,138@abc.com,,,2,2021- 12- 10  00:00:00,2022- 01- 28  00:00:00
139,역락,,010-0001-0131,139@abc.com,,,26,2021- 09- 21  00:00:00,2022- 01- 28  00:00:00
140,길벗,,010-0001-0132,140@abc.com,,,26,2021- 07- 19  00:00:00,2022- 01- 28  00:00:00
141,만만한책방,,010-0001-0133,141@abc.com,,,21,2021- 05- 26  00:00:00,2022- 01- 28  00:00:00
142,지브레인,,010-0001-0134,142@abc.com,,,19,2021- 02- 28  00:00:00,2022- 01- 28  00:00:00
143,작가정신,,010-0001-0135,143@abc.com,,,1,2021- 11- 25  00:00:00,2022- 01- 28  00:00:00
144,푸른숲주니어,,010-0001-0136,144@abc.com,,,24,2021- 12- 19  00:00:00,2022- 01- 28  00:00:00
145,한겨레출판,,010-0001-0137,145@abc.com,,,20,2021- 05- 04  00:00:00,2022- 01- 28  00:00:00
146,맥스미디어,,010-0001-0138,146@abc.com,,,9,2021- 05- 02  00:00:00,2022- 01- 28  00:00:00
147,제철소,,010-0001-0139,147@abc.com,,,25,2021- 10- 06  00:00:00,2022- 01- 28  00:00:00
148,진원,,010-0001-0140,148@abc.com,,,2,2021- 06- 17  00:00:00,2022- 01- 28  00:00:00
149,마술피리,,010-0001-0141,149@abc.com,,,26,2021- 01- 07  00:00:00,2022- 01- 28  00:00:00
150,리틀씨앤톡:씨앤톡,,010-0001-0142,150@abc.com,,,15,2021- 10- 22  00:00:00,2022- 01- 28  00:00:00
151,Booksgo:북스고,,010-0001-0143,151@abc.com,,,14,2021- 01- 07  00:00:00,2022- 01- 28  00:00:00
152,주니어김영사,,010-0001-0144,152@abc.com,,,2,2021- 03- 16  00:00:00,2022- 01- 28  00:00:00
153,낮은산,,010-0001-0145,153@abc.com,,,3,2021- 06- 23  00:00:00,2022- 01- 28  00:00:00
154,한경사,,010-0001-0146,154@abc.com,,,10,2021- 09- 22  00:00:00,2022- 01- 28  00:00:00
155,웅진지식하우스:웅진씽크빅,,010-0001-0147,155@abc.com,,,14,2021- 09- 16  00:00:00,2022- 01- 28  00:00:00
156,더퀘스트,,010-0001-0148,156@abc.com,,,2,2021- 08- 04  00:00:00,2022- 01- 28  00:00:00
157,이다books:이다북스,,010-0001-0149,157@abc.com,,,24,2021- 02- 09  00:00:00,2022- 01- 28  00:00:00
158,계단,,010-0001-0150,158@abc.com,,,9,2021- 09- 01  00:00:00,2022- 01- 28  00:00:00
159,메이븐,,010-0001-0151,159@abc.com,,,22,2021- 06- 05  00:00:00,2022- 01- 28  00:00:00
160,파라사이언스,,010-0001-0152,160@abc.com,,,13,2021- 10- 14  00:00:00,2022- 01- 28  00:00:00
161,노란우산:멘토르,,010-0001-0153,161@abc.com,,,9,2021- 10- 16  00:00:00,2022- 01- 28  00:00:00
162,황금부엉이,,010-0001-0154,162@abc.com,,,24,2021- 10- 25  00:00:00,2022- 01- 28  00:00:00
163,북샤인,,010-0001-0155,163@abc.com,,,5,2021- 01- 17  00:00:00,2022- 01- 28  00:00:00
164,생활성서:생활성서사,,010-0001-0156,164@abc.com,,,15,2021- 12- 28  00:00:00,2022- 01- 28  00:00:00
165,다산책방,,010-0001-0157,165@abc.com,,,12,2021- 11- 21  00:00:00,2022- 01- 28  00:00:00
166,난다,,010-0001-0158,166@abc.com,,,30,2021- 06- 01  00:00:00,2022- 01- 28  00:00:00
167,갈매나무,,010-0001-0159,167@abc.com,,,30,2021- 01- 08  00:00:00,2022- 01- 28  00:00:00
168,Rise(떠오름),,010-0001-0160,168@abc.com,,,4,2021- 01- 20  00:00:00,2022- 01- 28  00:00:00
169,서울문화사,,010-0001-0161,169@abc.com,,,3,2021- 12- 25  00:00:00,2022- 01- 28  00:00:00
170,반니,,010-0001-0162,170@abc.com,,,23,2021- 11- 24  00:00:00,2022- 01- 28  00:00:00
171,윌북,,010-0001-0163,171@abc.com,,,13,2021- 01- 03  00:00:00,2022- 01- 28  00:00:00
172,홍익출판미디어그룹,,010-0001-0164,172@abc.com,,,21,2021- 09- 05  00:00:00,2022- 01- 28  00:00:00
173,물주는아이:백도씨,,010-0001-0165,173@abc.com,,,8,2021- 12- 05  00:00:00,2022- 01- 28  00:00:00
174,북로드:더난콘텐츠그룹,,010-0001-0166,174@abc.com,,,24,2021- 07- 02  00:00:00,2022- 01- 28  00:00:00
175,샘터:샘터사,,010-0001-0167,175@abc.com,,,3,2021- 02- 26  00:00:00,2022- 01- 28  00:00:00
176,주니어김영사:김영사,,010-0001-0168,176@abc.com,,,9,2021- 10- 15  00:00:00,2022- 01- 28  00:00:00
177,상상아카데미,,010-0001-0169,177@abc.com,,,18,2021- 10- 19  00:00:00,2022- 01- 28  00:00:00
178,생각속의집,,010-0001-0170,178@abc.com,,,30,2021- 07- 03  00:00:00,2022- 01- 28  00:00:00
179,매일경제신문사:매경출판,,010-0001-0171,179@abc.com,,,30,2021- 08- 13  00:00:00,2022- 01- 28  00:00:00
180,민음사,,010-0001-0172,180@abc.com,,,10,2021- 01- 16  00:00:00,2022- 01- 28  00:00:00
181,마루비,,010-0001-0173,181@abc.com,,,3,2021- 10- 19  00:00:00,2022- 01- 28  00:00:00
182,한그루,,010-0001-0174,182@abc.com,,,26,2021- 11- 12  00:00:00,2022- 01- 28  00:00:00
183,바나나북,,010-0001-0175,183@abc.com,,,27,2021- 06- 01  00:00:00,2022- 01- 28  00:00:00
184,북로그컴퍼니,,010-0001-0176,184@abc.com,,,24,2021- 07- 28  00:00:00,2022- 01- 28  00:00:00
185,휴먼컬처아리랑,,010-0001-0177,185@abc.com,,,17,2021- 05- 13  00:00:00,2022- 01- 28  00:00:00
186,전파과학사,,010-0001-0178,186@abc.com,,,1,2021- 04- 11  00:00:00,2022- 01- 28  00:00:00
187,웨일북,,010-0001-0179,187@abc.com,,,3,2021- 06- 03  00:00:00,2022- 01- 28  00:00:00
188,아를,,010-0001-0180,188@abc.com,,,4,2021- 02- 06  00:00:00,2022- 01- 28  00:00:00
189,피카주니어,,010-0001-0181,189@abc.com,,,2,2021- 04- 24  00:00:00,2022- 01- 28  00:00:00
190,단꿈아이,,010-0001-0182,190@abc.com,,,1,2021- 11- 11  00:00:00,2022- 01- 28  00:00:00
191,라의눈,,010-0001-0183,191@abc.com,,,30,2021- 03- 28  00:00:00,2022- 01- 28  00:00:00
192,한국경제신문,,010-0001-0184,192@abc.com,,,12,2021- 03- 20  00:00:00,2022- 01- 28  00:00:00
193,천개의바람,,010-0001-0185,193@abc.com,,,25,2021- 07- 18  00:00:00,2022- 01- 28  00:00:00
194,다락원,,010-0001-0186,194@abc.com,,,7,2021- 04- 06  00:00:00,2022- 01- 28  00:00:00
195,Daega Books(대가),,010-0001-0187,195@abc.com,,,23,2021- 01- 28  00:00:00,2022- 01- 28  00:00:00
196,위니더북,,010-0001-0188,196@abc.com,,,3,2021- 03- 21  00:00:00,2022- 01- 28  00:00:00
197,AK:에이케이커뮤니케이션즈,,010-0001-0189,197@abc.com,,,26,2021- 07- 09  00:00:00,2022- 01- 28  00:00:00
198,사무사책방:다산북스,,010-0001-0190,198@abc.com,,,10,2021- 07- 02  00:00:00,2022- 01- 28  00:00:00
199,한스미디어,,010-0001-0191,199@abc.com,,,5,2021- 02- 21  00:00:00,2022- 01- 28  00:00:00
200,시그마북스:시그마프레스,,010-0001-0192,200@abc.com,,,13,2021- 09- 24  00:00:00,2022- 01- 28  00:00:00
201,어문학사,,010-0001-0193,201@abc.com,,,5,2021- 06- 05  00:00:00,2022- 01- 28  00:00:00
202,서해문집,,010-0001-0194,202@abc.com,,,8,2021- 03- 20  00:00:00,2022- 01- 28  00:00:00
203,청림출판,,010-0001-0195,203@abc.com,,,25,2021- 02- 12  00:00:00,2022- 01- 28  00:00:00
204,다림,,010-0001-0196,204@abc.com,,,18,2021- 09- 04  00:00:00,2022- 01- 28  00:00:00
205,좋은생각,,010-0001-0197,205@abc.com,,,17,2021- 04- 23  00:00:00,2022- 01- 28  00:00:00
206,후마니타스,,010-0001-0198,206@abc.com,,,30,2021- 06- 16  00:00:00,2022- 01- 28  00:00:00
207,미메시스,,010-0001-0199,207@abc.com,,,17,2021- 06- 22  00:00:00,2022- 01- 28  00:00:00
208,다른,,010-0001-0200,208@abc.com,,,29,2021- 02- 07  00:00:00,2022- 01- 28  00:00:00
209,한빛미디어,,010-0001-0201,209@abc.com,,,28,2021- 10- 03  00:00:00,2022- 01- 28  00:00:00
210,아침사과,,010-0001-0202,210@abc.com,,,6,2021- 12- 18  00:00:00,2022- 01- 28  00:00:00
211,알마,,010-0001-0203,211@abc.com,,,30,2021- 05- 05  00:00:00,2022- 01- 28  00:00:00
212,알에이치코리아,,010-0001-0204,212@abc.com,,,12,2021- 09- 03  00:00:00,2022- 01- 28  00:00:00
213,혜화1117,,010-0001-0205,213@abc.com,,,13,2021- 07- 10  00:00:00,2022- 01- 28  00:00:00
214,하빌리스:대원씨아이,,010-0001-0206,214@abc.com,,,17,2021- 04- 21  00:00:00,2022- 01- 28  00:00:00
215,F:푸른책들,,010-0001-0207,215@abc.com,,,16,2021- 11- 12  00:00:00,2022- 01- 28  00:00:00
216,현대문학,,010-0001-0208,216@abc.com,,,8,2021- 12- 22  00:00:00,2022- 01- 28  00:00:00
217,리스컴,,010-0001-0209,217@abc.com,,,4,2021- 07- 20  00:00:00,2022- 01- 28  00:00:00
218,웅진주니어,,010-0001-0210,218@abc.com,,,14,2021- 01- 19  00:00:00,2022- 01- 28  00:00:00
219,시대의창,,010-0001-0211,219@abc.com,,,8,2021- 10- 02  00:00:00,2022- 01- 28  00:00:00
220,센시오,,010-0001-0212,220@abc.com,,,16,2021- 05- 17  00:00:00,2022- 01- 28  00:00:00
221,페이퍼스토리,,010-0001-0213,221@abc.com,,,27,2021- 03- 05  00:00:00,2022- 01- 28  00:00:00
222,사파리,,010-0001-0214,222@abc.com,,,15,2021- 06- 13  00:00:00,2022- 01- 28  00:00:00
223,페스트북,,010-0001-0215,223@abc.com,,,4,2021- 08- 22  00:00:00,2022- 01- 28  00:00:00
224,승산,,010-0001-0216,224@abc.com,,,24,2021- 03- 15  00:00:00,2022- 01- 28  00:00:00
225,아르테:arte,,010-0001-0217,225@abc.com,,,27,2021- 08- 10  00:00:00,2022- 01- 28  00:00:00
226,을유문화사,,010-0001-0218,226@abc.com,,,16,2021- 10- 26  00:00:00,2022- 01- 28  00:00:00
227,한스미디어:한즈미디어,,010-0001-0219,227@abc.com,,,12,2021- 01- 21  00:00:00,2022- 01- 28  00:00:00
228,Mirae N 아이세움:미래엔,,010-0001-0220,228@abc.com,,,10,2021- 05- 25  00:00:00,2022- 01- 28  00:00:00
229,우리나비,,010-0001-0221,229@abc.com,,,3,2021- 03- 01  00:00:00,2022- 01- 28  00:00:00
230,밀리언서재,,010-0001-0222,230@abc.com,,,15,2021- 03- 07  00:00:00,2022- 01- 28  00:00:00
231,씨큐브,,010-0001-0223,231@abc.com,,,25,2021- 04- 06  00:00:00,2022- 01- 28  00:00:00
232,리드리드출판,,010-0001-0224,232@abc.com,,,5,2021- 04- 10  00:00:00,2022- 01- 28  00:00:00
233,하움,,010-0001-0225,233@abc.com,,,23,2021- 12- 02  00:00:00,2022- 01- 28  00:00:00
234,시공사,,010-0001-0226,234@abc.com,,,25,2021- 10- 23  00:00:00,2022- 01- 28  00:00:00
235,넥서스,,010-0001-0227,235@abc.com,,,14,2021- 07- 19  00:00:00,2022- 01- 28  00:00:00
236,봄날의책,,010-0001-0228,236@abc.com,,,7,2021- 09- 25  00:00:00,2022- 01- 28  00:00:00
237,좋은땅,,010-0001-0229,237@abc.com,,,4,2021- 02- 22  00:00:00,2022- 01- 28  00:00:00
238,그레이트BOOKS,,010-0001-0230,238@abc.com,,,4,2021- 09- 16  00:00:00,2022- 01- 28  00:00:00
239,한국인문고전연구소,,010-0001-0231,239@abc.com,,,9,2021- 11- 17  00:00:00,2022- 01- 28  00:00:00
240,경상대학교출판부,,010-0001-0232,240@abc.com,,,17,2021- 10- 18  00:00:00,2022- 01- 28  00:00:00
241,밝은미래,,010-0001-0233,241@abc.com,,,18,2021- 01- 22  00:00:00,2022- 01- 28  00:00:00
242,그래도봄,,010-0001-0234,242@abc.com,,,30,2021- 07- 01  00:00:00,2022- 01- 28  00:00:00
243,나무를심는사람들,,010-0001-0235,243@abc.com,,,6,2021- 12- 22  00:00:00,2022- 01- 28  00:00:00
244,생각,,010-0001-0236,244@abc.com,,,9,2021- 04- 26  00:00:00,2022- 01- 28  00:00:00
245,마음산책,,010-0001-0237,245@abc.com,,,23,2021- 04- 20  00:00:00,2022- 01- 28  00:00:00
246,미디어샘,,010-0001-0238,246@abc.com,,,26,2021- 05- 16  00:00:00,2022- 01- 28  00:00:00
247,오르골,,010-0001-0239,247@abc.com,,,30,2021- 05- 23  00:00:00,2022- 01- 28  00:00:00
248,놀,,010-0001-0240,248@abc.com,,,3,2021- 02- 24  00:00:00,2022- 01- 28  00:00:00
249,아띠봄,,010-0001-0241,249@abc.com,,,12,2021- 02- 06  00:00:00,2022- 01- 28  00:00:00
250,라즈베리,,010-0001-0242,250@abc.com,,,11,2021- 05- 26  00:00:00,2022- 01- 28  00:00:00
251,소금나무,,010-0001-0243,251@abc.com,,,13,2021- 01- 01  00:00:00,2022- 01- 28  00:00:00
252,더난콘텐츠그룹,,010-0001-0244,252@abc.com,,,4,2021- 04- 24  00:00:00,2022- 01- 28  00:00:00
253,경연사,,010-0001-0245,253@abc.com,,,2,2021- 04- 27  00:00:00,2022- 01- 28  00:00:00
254,이화북스,,010-0001-0246,254@abc.com,,,10,2021- 09- 10  00:00:00,2022- 01- 28  00:00:00
255,북드라망,,010-0001-0247,255@abc.com,,,17,2021- 12- 28  00:00:00,2022- 01- 28  00:00:00
256,미호:시공사,,010-0001-0248,256@abc.com,,,15,2021- 05- 16  00:00:00,2022- 01- 28  00:00:00
257,옐로브릭,,010-0001-0249,257@abc.com,,,1,2021- 06- 16  00:00:00,2022- 01- 28  00:00:00
258,상상,,010-0001-0250,258@abc.com,,,10,2021- 10- 27  00:00:00,2022- 01- 28  00:00:00
259,북랩,,010-0001-0251,259@abc.com,,,30,2021- 01- 13  00:00:00,2022- 01- 28  00:00:00
260,EBS Books:한국교육방송공사,,010-0001-0252,260@abc.com,,,3,2021- 06- 18  00:00:00,2022- 01- 28  00:00:00
261,애플북스,,010-0001-0253,261@abc.com,,,11,2021- 01- 18  00:00:00,2022- 01- 28  00:00:00
262,MID:엠아이디미디어,,010-0001-0254,262@abc.com,,,18,2021- 12- 19  00:00:00,2022- 01- 28  00:00:00
263,범한,,010-0001-0255,263@abc.com,,,12,2021- 07- 09  00:00:00,2022- 01- 28  00:00:00
264,아이앤북,,010-0001-0256,264@abc.com,,,15,2021- 02- 14  00:00:00,2022- 01- 28  00:00:00
265,북멘토,,010-0001-0257,265@abc.com,,,2,2021- 02- 22  00:00:00,2022- 01- 28  00:00:00
266,꿈터,,010-0001-0258,266@abc.com,,,3,2021- 06- 18  00:00:00,2022- 01- 28  00:00:00
267,킨더랜드,,010-0001-0259,267@abc.com,,,16,2021- 05- 24  00:00:00,2022- 01- 28  00:00:00
268,백화만발,,010-0001-0260,268@abc.com,,,18,2021- 02- 05  00:00:00,2022- 01- 28  00:00:00
269,상상의집:루크하우스,,010-0001-0261,269@abc.com,,,24,2021- 11- 11  00:00:00,2022- 01- 28  00:00:00
270,궁리(궁리출판),,010-0001-0262,270@abc.com,,,15,2021- 10- 08  00:00:00,2022- 01- 28  00:00:00
271,담앤북스,,010-0001-0263,271@abc.com,,,23,2021- 10- 13  00:00:00,2022- 01- 28  00:00:00
272,마더북스(마더커뮤니케이션),,010-0001-0264,272@abc.com,,,23,2021- 03- 14  00:00:00,2022- 01- 28  00:00:00
273,사우,,010-0001-0265,273@abc.com,,,18,2021- 09- 17  00:00:00,2022- 01- 28  00:00:00
274,탐:토토북,,010-0001-0266,274@abc.com,,,3,2021- 09- 15  00:00:00,2022- 01- 28  00:00:00
275,틔움출판,,010-0001-0267,275@abc.com,,,24,2021- 09- 27  00:00:00,2022- 01- 28  00:00:00
276,까치,,010-0001-0268,276@abc.com,,,10,2021- 11- 16  00:00:00,2022- 01- 28  00:00:00
277,디플롯,,010-0001-0269,277@abc.com,,,22,2021- 02- 02  00:00:00,2022- 01- 28  00:00:00
278,제이앤제이제이:디지털북스,,010-0001-0270,278@abc.com,,,17,2021- 12- 14  00:00:00,2022- 01- 28  00:00:00
279,지금이책,,010-0001-0271,279@abc.com,,,18,2021- 08- 09  00:00:00,2022- 01- 28  00:00:00
280,리듬문고:아름다운사람들,,010-0001-0272,280@abc.com,,,24,2021- 09- 01  00:00:00,2022- 01- 28  00:00:00
281,리듬문고,,010-0001-0273,281@abc.com,,,18,2021- 05- 07  00:00:00,2022- 01- 28  00:00:00
282,동양북스,,010-0001-0274,282@abc.com,,,14,2021- 07- 16  00:00:00,2022- 01- 28  00:00:00
283,시그마북스,,010-0001-0275,283@abc.com,,,9,2021- 06- 01  00:00:00,2022- 01- 28  00:00:00
284,인플루엔셜,,010-0001-0276,284@abc.com,,,10,2021- 01- 24  00:00:00,2022- 01- 28  00:00:00
285,에디투스,,010-0001-0277,285@abc.com,,,27,2021- 03- 09  00:00:00,2022- 01- 28  00:00:00
286,바오로딸,,010-0001-0278,286@abc.com,,,5,2021- 09- 19  00:00:00,2022- 01- 28  00:00:00
287,앤써북,,010-0001-0279,287@abc.com,,,11,2021- 04- 19  00:00:00,2022- 01- 28  00:00:00
288,바우솔,,010-0001-0280,288@abc.com,,,25,2021- 11- 10  00:00:00,2022- 01- 28  00:00:00
289,그래서음악:so music,,010-0001-0281,289@abc.com,,,3,2021- 11- 22  00:00:00,2022- 01- 28  00:00:00
290,좋은습관연구소,,010-0001-0282,290@abc.com,,,29,2021- 06- 17  00:00:00,2022- 01- 28  00:00:00
291,글담:아날로그,,010-0001-0283,291@abc.com,,,21,2021- 08- 21  00:00:00,2022- 01- 28  00:00:00
292,프시케의숲,,010-0001-0284,292@abc.com,,,3,2021- 06- 25  00:00:00,2022- 01- 28  00:00:00
293,책과함께,,010-0001-0285,293@abc.com,,,3,2021- 10- 06  00:00:00,2022- 01- 28  00:00:00
294,건강다이제스트사,,010-0001-0286,294@abc.com,,,17,2021- 10- 24  00:00:00,2022- 01- 28  00:00:00
295,혜지원,,010-0001-0287,295@abc.com,,,2,2021- 08- 04  00:00:00,2022- 01- 28  00:00:00
296,테오리아,,010-0001-0288,296@abc.com,,,13,2021- 02- 07  00:00:00,2022- 01- 28  00:00:00
297,한국경제신문i,,010-0001-0289,297@abc.com,,,15,2021- 05- 07  00:00:00,2022- 01- 28  00:00:00
298,대가,,010-0001-0290,298@abc.com,,,14,2021- 02- 09  00:00:00,2022- 01- 28  00:00:00
299,어크로스,,010-0001-0291,299@abc.com,,,1,2021- 02- 28  00:00:00,2022- 01- 28  00:00:00
300,소미미디어,,010-0001-0292,300@abc.com,,,2,2021- 08- 26  00:00:00,2022- 01- 28  00:00:00
301,BM성안당,,010-0001-0293,301@abc.com,,,7,2021- 02- 21  00:00:00,2022- 01- 28  00:00:00
302,리더스북:웅진씽크빅,,010-0001-0294,302@abc.com,,,8,2021- 09- 28  00:00:00,2022- 01- 28  00:00:00
303,마시멜로,,010-0001-0295,303@abc.com,,,10,2021- 05- 21  00:00:00,2022- 01- 28  00:00:00
304,마시멜로:한경BP,,010-0001-0296,304@abc.com,,,28,2021- 10- 15  00:00:00,2022- 01- 28  00:00:00
305,파피에,,010-0001-0297,305@abc.com,,,17,2021- 12- 10  00:00:00,2022- 01- 28  00:00:00
306,북로드,,010-0001-0298,306@abc.com,,,21,2021- 05- 06  00:00:00,2022- 01- 28  00:00:00
307,크로스로드,,010-0001-0299,307@abc.com,,,20,2021- 06- 27  00:00:00,2022- 01- 28  00:00:00
308,엘리,,010-0001-0300,308@abc.com,,,27,2021- 01- 07  00:00:00,2022- 01- 28  00:00:00
309,더난출판사,,010-0001-0301,309@abc.com,,,25,2021- 09- 03  00:00:00,2022- 01- 28  00:00:00
310,아라크네,,010-0001-0302,310@abc.com,,,24,2021- 11- 27  00:00:00,2022- 01- 28  00:00:00
311,이라크네,,010-0001-0303,311@abc.com,,,21,2021- 01- 07  00:00:00,2022- 01- 28  00:00:00
312,판미동,,010-0001-0304,312@abc.com,,,7,2021- 07- 28  00:00:00,2022- 01- 28  00:00:00
313,상상스퀘어,,010-0001-0305,313@abc.com,,,3,2021- 09- 02  00:00:00,2022- 01- 28  00:00:00
314,다산4.0:다산북스,,010-0001-0306,314@abc.com,,,8,2021- 01- 01  00:00:00,2022- 01- 28  00:00:00
315,가지,,010-0001-0307,315@abc.com,,,24,2021- 07- 05  00:00:00,2022- 01- 28  00:00:00
316,페이스메이커,,010-0001-0308,316@abc.com,,,7,2021- 09- 14  00:00:00,2022- 01- 28  00:00:00
317,다연,,010-0001-0309,317@abc.com,,,22,2021- 12- 08  00:00:00,2022- 01- 28  00:00:00
318,봄름,,010-0001-0310,318@abc.com,,,23,2021- 02- 13  00:00:00,2022- 01- 28  00:00:00
319,해든아침:지브레인,,010-0001-0311,319@abc.com,,,26,2021- 06- 24  00:00:00,2022- 01- 28  00:00:00
320,달리,,010-0001-0312,320@abc.com,,,23,2021- 01- 03  00:00:00,2022- 01- 28  00:00:00
321,RHK:알에이치코리아,,010-0001-0313,321@abc.com,,,28,2021- 04- 18  00:00:00,2022- 01- 28  00:00:00
322,열린책들,,010-0001-0314,322@abc.com,,,8,2021- 07- 08  00:00:00,2022- 01- 28  00:00:00
323,한언,,010-0001-0315,323@abc.com,,,26,2021- 04- 07  00:00:00,2022- 01- 28  00:00:00
324,은하수미디어,,010-0001-0316,324@abc.com,,,25,2021- 11- 01  00:00:00,2022- 01- 28  00:00:00
325,대원씨아이,,010-0001-0317,325@abc.com,,,21,2021- 12- 04  00:00:00,2022- 01- 28  00:00:00
326,혜다,,010-0001-0318,326@abc.com,,,24,2021- 05- 04  00:00:00,2022- 01- 28  00:00:00
327,시와서,,010-0001-0319,327@abc.com,,,14,2021- 05- 11  00:00:00,2022- 01- 28  00:00:00
328,아이콕스,,010-0001-0320,328@abc.com,,,10,2021- 08- 08  00:00:00,2022- 01- 28  00:00:00
329,라온북,,010-0001-0321,329@abc.com,,,16,2021- 02- 15  00:00:00,2022- 01- 28  00:00:00
330,쉼어린이,,010-0001-0322,330@abc.com,,,3,2021- 10- 05  00:00:00,2022- 01- 28  00:00:00
331,브라운힐,,010-0001-0323,331@abc.com,,,17,2021- 09- 24  00:00:00,2022- 01- 28  00:00:00
332,월북,,010-0001-0324,332@abc.com,,,20,2021- 10- 01  00:00:00,2022- 01- 28  00:00:00
333,풀빛,,010-0001-0325,333@abc.com,,,16,2021- 02- 24  00:00:00,2022- 01- 28  00:00:00
334,인사이트,,010-0001-0326,334@abc.com,,,28,2021- 04- 20  00:00:00,2022- 01- 28  00:00:00
335,파람북,,010-0001-0327,335@abc.com,,,26,2021- 01- 09  00:00:00,2022- 01- 28  00:00:00
336,추수밭:청림출판,,010-0001-0328,336@abc.com,,,9,2021- 09- 27  00:00:00,2022- 01- 28  00:00:00
337,틈새책방,,010-0001-0329,337@abc.com,,,16,2021- 06- 27  00:00:00,2022- 01- 28  00:00:00
338,지식의편집,,010-0001-0330,338@abc.com,,,4,2021- 01- 14  00:00:00,2022- 01- 28  00:00:00
339,북플라자,,010-0001-0331,339@abc.com,,,12,2021- 06- 21  00:00:00,2022- 01- 28  00:00:00
340,쌤앤파커스,,010-0001-0332,340@abc.com,,,7,2021- 05- 17  00:00:00,2022- 01- 28  00:00:00
341,음악세계,,010-0001-0333,341@abc.com,,,15,2021- 08- 02  00:00:00,2022- 01- 28  00:00:00
342,Bookocean(북오션),,010-0001-0334,342@abc.com,,,9,2021- 03- 20  00:00:00,2022- 01- 28  00:00:00
343,테이스트북스,,010-0001-0335,343@abc.com,,,8,2021- 09- 05  00:00:00,2022- 01- 28  00:00:00
344,가문비어린이,,010-0001-0336,344@abc.com,,,7,2021- 06- 24  00:00:00,2022- 01- 28  00:00:00
345,달의시간:책세상,,010-0001-0337,345@abc.com,,,6,2021- 06- 02  00:00:00,2022- 01- 28  00:00:00
346,GC북스,,010-0001-0338,346@abc.com,,,25,2021- 07- 09  00:00:00,2022- 01- 28  00:00:00
347,한국경제신문:한경BP,,010-0001-0339,347@abc.com,,,6,2021- 11- 13  00:00:00,2022- 01- 28  00:00:00
348,OrangeD(오렌지디),,010-0001-0340,348@abc.com,,,9,2021- 10- 19  00:00:00,2022- 01- 28  00:00:00
349,마티,,010-0001-0341,349@abc.com,,,28,2021- 08- 28  00:00:00,2022- 01- 28  00:00:00
350,시공주니어,,010-0001-0342,350@abc.com,,,4,2021- 07- 25  00:00:00,2022- 01- 28  00:00:00
351,에디토리,,010-0001-0343,351@abc.com,,,5,2021- 03- 17  00:00:00,2022- 01- 28  00:00:00
352,생각의서재,,010-0001-0344,352@abc.com,,,27,2021- 10- 14  00:00:00,2022- 01- 28  00:00:00
353,궁리,,010-0001-0345,353@abc.com,,,8,2021- 07- 26  00:00:00,2022- 01- 28  00:00:00
354,모모,,010-0001-0346,354@abc.com,,,19,2021- 06- 07  00:00:00,2022- 01- 28  00:00:00
355,프리렉,,010-0001-0347,355@abc.com,,,8,2021- 03- 05  00:00:00,2022- 01- 28  00:00:00
356,별숲,,010-0001-0348,356@abc.com,,,12,2021- 09- 26  00:00:00,2022- 01- 28  00:00:00
357,페이퍼버드,,010-0001-0349,357@abc.com,,,9,2021- 05- 13  00:00:00,2022- 01- 28  00:00:00
358,팩토리나인,,010-0001-0350,358@abc.com,,,26,2021- 03- 27  00:00:00,2022- 01- 28  00:00:00
359,Page2:페이지2북스,,010-0001-0351,359@abc.com,,,9,2021- 08- 23  00:00:00,2022- 01- 28  00:00:00
360,웅진주니어:웅진씽크빅,,010-0001-0352,360@abc.com,,,22,2021- 12- 20  00:00:00,2022- 01- 28  00:00:00
361,보누스,,010-0001-0353,361@abc.com,,,20,2021- 09- 01  00:00:00,2022- 01- 28  00:00:00
362,내친구의서재,,010-0001-0354,362@abc.com,,,24,2021- 07- 16  00:00:00,2022- 01- 28  00:00:00
363,비채:김영사,,010-0001-0355,363@abc.com,,,27,2021- 04- 22  00:00:00,2022- 01- 28  00:00:00
364,다산북스:다산초당,,010-0001-0356,364@abc.com,,,26,2021- 04- 06  00:00:00,2022- 01- 28  00:00:00
365,Old stairs,,010-0001-0357,365@abc.com,,,6,2021- 07- 02  00:00:00,2022- 01- 28  00:00:00
366,Old Stairs:올드스테어즈,,010-0001-0358,366@abc.com,,,10,2021- 04- 26  00:00:00,2022- 01- 28  00:00:00
367,엘릭시르:문학동네,,010-0001-0359,367@abc.com,,,16,2021- 03- 25  00:00:00,2022- 01- 28  00:00:00
368,산현재,,010-0001-0360,368@abc.com,,,12,2021- 02- 10  00:00:00,2022- 01- 28  00:00:00
369,아이생각:i THINK,,010-0001-0361,369@abc.com,,,25,2021- 02- 22  00:00:00,2022- 01- 28  00:00:00
370,더이은,,010-0001-0362,370@abc.com,,,2,2021- 11- 03  00:00:00,2022- 01- 28  00:00:00
371,북라이프,,010-0001-0363,371@abc.com,,,24,2021- 10- 14  00:00:00,2022- 01- 28  00:00:00
372,주니어RHK,,010-0001-0364,372@abc.com,,,20,2021- 05- 13  00:00:00,2022- 01- 28  00:00:00
373,거짓과진실,,010-0001-0365,373@abc.com,,,28,2021- 07- 28  00:00:00,2022- 01- 28  00:00:00
374,거짓과 진실,,010-0001-0366,374@abc.com,,,20,2021- 03- 22  00:00:00,2022- 01- 28  00:00:00
375,연암사,,010-0001-0367,375@abc.com,,,29,2021- 07- 10  00:00:00,2022- 01- 28  00:00:00
376,반달서재,,010-0001-0368,376@abc.com,,,18,2021- 08- 04  00:00:00,2022- 01- 28  00:00:00
377,돌베개,,010-0001-0369,377@abc.com,,,8,2021- 08- 07  00:00:00,2022- 01- 28  00:00:00
378,효형,,010-0001-0370,378@abc.com,,,10,2021- 08- 24  00:00:00,2022- 01- 28  00:00:00
379,경다방,,010-0001-0371,379@abc.com,,,16,2021- 07- 15  00:00:00,2022- 01- 28  00:00:00
380,블루홀6,,010-0001-0372,380@abc.com,,,25,2021- 07- 24  00:00:00,2022- 01- 28  00:00:00
381,책읽는수요일:한올엠앤씨,,010-0001-0373,381@abc.com,,,23,2021- 07- 01  00:00:00,2022- 01- 28  00:00:00
382,책읽는수요일,,010-0001-0374,382@abc.com,,,6,2021- 01- 28  00:00:00,2022- 01- 28  00:00:00
383,한문화사,,010-0001-0375,383@abc.com,,,10,2021- 04- 16  00:00:00,2022- 01- 28  00:00:00
384,책과나무,,010-0001-0376,384@abc.com,,,8,2021- 04- 14  00:00:00,2022- 01- 28  00:00:00
385,이담북스,,010-0001-0377,385@abc.com,,,18,2021- 04- 03  00:00:00,2022- 01- 28  00:00:00
386,와이즈베리:미래엔,,010-0001-0378,386@abc.com,,,8,2021- 01- 10  00:00:00,2022- 01- 28  00:00:00
387,모요사,,010-0001-0379,387@abc.com,,,17,2021- 06- 12  00:00:00,2022- 01- 28  00:00:00
388,숨쉬는책공장,,010-0001-0380,388@abc.com,,,28,2021- 03- 10  00:00:00,2022- 01- 28  00:00:00
389,자유아카데미,,010-0001-0381,389@abc.com,,,30,2021- 12- 09  00:00:00,2022- 01- 28  00:00:00
390,좋은책어린이,,010-0001-0382,390@abc.com,,,21,2021- 06- 05  00:00:00,2022- 01- 28  00:00:00
391,Studio：ODR:바이포엠,,010-0001-0383,391@abc.com,,,11,2021- 03- 15  00:00:00,2022- 01- 28  00:00:00
392,스튜디오오드리,,010-0001-0384,392@abc.com,,,13,2021- 10- 23  00:00:00,2022- 01- 28  00:00:00
393,헤리티지,,010-0001-0385,393@abc.com,,,11,2021- 06- 23  00:00:00,2022- 01- 28  00:00:00
394,이지북,,010-0001-0386,394@abc.com,,,19,2021- 09- 21  00:00:00,2022- 01- 28  00:00:00
395,밤티,,010-0001-0387,395@abc.com,,,8,2021- 10- 09  00:00:00,2022- 01- 28  00:00:00
396,지성사,,010-0001-0388,396@abc.com,,,5,2021- 03- 19  00:00:00,2022- 01- 28  00:00:00
397,제이펍,,010-0001-0389,397@abc.com,,,12,2021- 09- 06  00:00:00,2022- 01- 28  00:00:00
398,다산초당,,010-0001-0390,398@abc.com,,,19,2021- 12- 13  00:00:00,2022- 01- 28  00:00:00
399,새물결플러스,,010-0001-0391,399@abc.com,,,2,2021- 09- 08  00:00:00,2022- 01- 28  00:00:00
400,포르체,,010-0001-0392,400@abc.com,,,15,2021- 03- 14  00:00:00,2022- 01- 28  00:00:00
401,인디고:글담,,010-0001-0393,401@abc.com,,,10,2021- 04- 24  00:00:00,2022- 01- 28  00:00:00
402,아마존북스,,010-0001-0394,402@abc.com,,,2,2021- 09- 23  00:00:00,2022- 01- 28  00:00:00
403,인물과사상사,,010-0001-0395,403@abc.com,,,13,2021- 12- 19  00:00:00,2022- 01- 28  00:00:00
404,학교도서관저널,,010-0001-0396,404@abc.com,,,2,2021- 06- 19  00:00:00,2022- 01- 28  00:00:00
405,싸이프레스,,010-0001-0397,405@abc.com,,,12,2021- 09- 01  00:00:00,2022- 01- 28  00:00:00
406,새빛컴즈,,010-0001-0398,406@abc.com,,,6,2021- 10- 06  00:00:00,2022- 01- 28  00:00:00
407,레몽북스,,010-0001-0399,407@abc.com,,,4,2021- 02- 26  00:00:00,2022- 01- 28  00:00:00
408,굿웰스북스,,010-0001-0400,408@abc.com,,,5,2021- 04- 10  00:00:00,2022- 01- 28  00:00:00
409,우리학교,,010-0001-0401,409@abc.com,,,27,2021- 12- 09  00:00:00,2022- 01- 28  00:00:00
410,끌리는책,,010-0001-0402,410@abc.com,,,2,2021- 03- 11  00:00:00,2022- 01- 28  00:00:00
411,이프북스,,010-0001-0403,411@abc.com,,,8,2021- 05- 17  00:00:00,2022- 01- 28  00:00:00
412,중앙books,,010-0001-0404,412@abc.com,,,5,2021- 12- 27  00:00:00,2022- 01- 28  00:00:00
413,언어평등,,010-0001-0405,413@abc.com,,,24,2021- 07- 17  00:00:00,2022- 01- 28  00:00:00
414,현암사,,010-0001-0406,414@abc.com,,,6,2021- 10- 18  00:00:00,2022- 01- 28  00:00:00
415,Raon Book:라온아시아,,010-0001-0407,415@abc.com,,,14,2021- 03- 02  00:00:00,2022- 01- 28  00:00:00
416,뿌리와이파리,,010-0001-0408,416@abc.com,,,25,2021- 03- 02  00:00:00,2022- 01- 28  00:00:00
417,가톨릭,,010-0001-0409,417@abc.com,,,24,2021- 07- 13  00:00:00,2022- 01- 28  00:00:00
418,북뱅크,,010-0001-0410,418@abc.com,,,18,2021- 02- 26  00:00:00,2022- 01- 28  00:00:00
419,빨간소금,,010-0001-0411,419@abc.com,,,6,2021- 10- 27  00:00:00,2022- 01- 28  00:00:00
420,빅피시,,010-0001-0412,420@abc.com,,,3,2021- 03- 03  00:00:00,2022- 01- 28  00:00:00
421,책밥,,010-0001-0413,421@abc.com,,,5,2021- 09- 01  00:00:00,2022- 01- 28  00:00:00
422,한솔수북,,010-0001-0414,422@abc.com,,,18,2021- 04- 05  00:00:00,2022- 01- 28  00:00:00
423,나무나무,,010-0001-0415,423@abc.com,,,28,2021- 12- 02  00:00:00,2022- 01- 28  00:00:00
424,씽크스마트,,010-0001-0416,424@abc.com,,,24,2021- 09- 24  00:00:00,2022- 01- 28  00:00:00
425,온서재,,010-0001-0417,425@abc.com,,,22,2021- 07- 25  00:00:00,2022- 01- 28  00:00:00
426,스마트북스,,010-0001-0418,426@abc.com,,,4,2021- 10- 17  00:00:00,2022- 01- 28  00:00:00
427,북스고,,010-0001-0419,427@abc.com,,,13,2021- 07- 07  00:00:00,2022- 01- 28  00:00:00
428,천그루숲,,010-0001-0420,428@abc.com,,,14,2021- 10- 01  00:00:00,2022- 01- 28  00:00:00
429,한국전자도서출판,,010-0001-0421,429@abc.com,,,8,2021- 04- 01  00:00:00,2022- 01- 28  00:00:00
430,사계절,,010-0001-0422,430@abc.com,,,24,2021- 07- 07  00:00:00,2022- 01- 28  00:00:00
431,루비페이퍼,,010-0001-0423,431@abc.com,,,24,2021- 04- 19  00:00:00,2022- 01- 28  00:00:00
432,IVP:한국기독학생회출판부,,010-0001-0424,432@abc.com,,,23,2021- 12- 28  00:00:00,2022- 01- 28  00:00:00
433,SNS소통연구소,,010-0001-0425,433@abc.com,,,1,2021- 06- 08  00:00:00,2022- 01- 28  00:00:00
434,아트북스,,010-0001-0426,434@abc.com,,,2,2021- 01- 05  00:00:00,2022- 01- 28  00:00:00
435,리얼북스,,010-0001-0427,435@abc.com,,,15,2021- 03- 15  00:00:00,2022- 01- 28  00:00:00
436,문예춘추사,,010-0001-0428,436@abc.com,,,11,2021- 01- 23  00:00:00,2022- 01- 28  00:00:00
437,부·키,,010-0001-0429,437@abc.com,,,23,2021- 08- 22  00:00:00,2022- 01- 28  00:00:00
438,거북이북스,,010-0001-0430,438@abc.com,,,21,2021- 08- 24  00:00:00,2022- 01- 28  00:00:00
439,한겨레출판:한겨레엔,,010-0001-0431,439@abc.com,,,8,2021- 03- 06  00:00:00,2022- 01- 28  00:00:00
440,지식노마드,,010-0001-0432,440@abc.com,,,15,2021- 02- 26  00:00:00,2022- 01- 28  00:00:00
441,모모:바이포엠,,010-0001-0433,441@abc.com,,,15,2021- 11- 01  00:00:00,2022- 01- 28  00:00:00
442,Page2(페이지2북스),,010-0001-0434,442@abc.com,,,18,2021- 05- 17  00:00:00,2022- 01- 28  00:00:00
443,제제의숲,,010-0001-0435,443@abc.com,,,11,2021- 11- 26  00:00:00,2022- 01- 28  00:00:00
444,타래,,010-0001-0436,444@abc.com,,,23,2021- 10- 04  00:00:00,2022- 01- 28  00:00:00
445,영진미디어,,010-0001-0437,445@abc.com,,,16,2021- 07- 28  00:00:00,2022- 01- 28  00:00:00
446,BJpublic(비제이퍼블릭),,010-0001-0438,446@abc.com,,,5,2021- 09- 28  00:00:00,2022- 01- 28  00:00:00
447,더 퀘스트:길벗,,010-0001-0439,447@abc.com,,,7,2021- 08- 12  00:00:00,2022- 01- 28  00:00:00
448,PUB.365,,010-0001-0440,448@abc.com,,,16,2021- 11- 01  00:00:00,2022- 01- 28  00:00:00
449,시사일본어사,,010-0001-0441,449@abc.com,,,18,2021- 05- 10  00:00:00,2022- 01- 28  00:00:00
450,알라딘북스,,010-0001-0442,450@abc.com,,,8,2021- 12- 15  00:00:00,2022- 01- 28  00:00:00
451,윤미디어,,010-0001-0443,451@abc.com,,,6,2021- 05- 28  00:00:00,2022- 01- 28  00:00:00
452,지콜론북,,010-0001-0444,452@abc.com,,,27,2021- 01- 17  00:00:00,2022- 01- 28  00:00:00
453,마음의숲,,010-0001-0445,453@abc.com,,,2,2021- 12- 12  00:00:00,2022- 01- 28  00:00:00
454,문학세계사,,010-0001-0446,454@abc.com,,,8,2021- 07- 12  00:00:00,2022- 01- 28  00:00:00
455,휴먼어린이,,010-0001-0447,455@abc.com,,,4,2021- 12- 25  00:00:00,2022- 01- 28  00:00:00
456,고려원북스,,010-0001-0448,456@abc.com,,,10,2021- 12- 24  00:00:00,2022- 01- 28  00:00:00
457,홍시,,010-0001-0449,457@abc.com,,,1,2021- 06- 09  00:00:00,2022- 01- 28  00:00:00
458,산수야,,010-0001-0450,458@abc.com,,,15,2021- 05- 11  00:00:00,2022- 01- 28  00:00:00
459,요요:다산북스,,010-0001-0451,459@abc.com,,,14,2021- 04- 02  00:00:00,2022- 01- 28  00:00:00
460,요요,,010-0001-0452,460@abc.com,,,5,2021- 05- 25  00:00:00,2022- 01- 28  00:00:00
461,휴머니스트:Humanist,,010-0001-0453,461@abc.com,,,24,2021- 12- 09  00:00:00,2022- 01- 28  00:00:00
462,롱테일북스,,010-0001-0454,462@abc.com,,,1,2021- 02- 04  00:00:00,2022- 01- 28  00:00:00
463,책공방초록비:초록비책공방,,010-0001-0455,463@abc.com,,,17,2021- 04- 26  00:00:00,2022- 01- 28  00:00:00
464,몽실북스,,010-0001-0456,464@abc.com,,,5,2021- 07- 08  00:00:00,2022- 01- 28  00:00:00
465,유노북스,,010-0001-0457,465@abc.com,,,18,2021- 11- 10  00:00:00,2022- 01- 28  00:00:00
466,프리뷰,,010-0001-0458,466@abc.com,,,6,2021- 02- 11  00:00:00,2022- 01- 28  00:00:00
467,소명출판,,010-0001-0459,467@abc.com,,,29,2021- 05- 05  00:00:00,2022- 01- 28  00:00:00
468,허밍버드:백도씨,,010-0001-0460,468@abc.com,,,16,2021- 08- 03  00:00:00,2022- 01- 28  00:00:00
469,부크럼,,010-0001-0461,469@abc.com,,,9,2021- 08- 14  00:00:00,2022- 01- 28  00:00:00
470,민들레,,010-0001-0462,470@abc.com,,,24,2021- 03- 03  00:00:00,2022- 01- 28  00:00:00
471,라이프앤페이지,,010-0001-0463,471@abc.com,,,21,2021- 11- 03  00:00:00,2022- 01- 28  00:00:00
472,더블,,010-0001-0464,472@abc.com,,,7,2021- 09- 27  00:00:00,2022- 01- 28  00:00:00
473,아주 좋은 날,,010-0001-0465,473@abc.com,,,5,2021- 10- 15  00:00:00,2022- 01- 28  00:00:00
474,무블,,010-0001-0466,474@abc.com,,,7,2021- 05- 01  00:00:00,2022- 01- 28  00:00:00
475,호호아,,010-0001-0467,475@abc.com,,,7,2021- 09- 27  00:00:00,2022- 01- 28  00:00:00
476,헬스레터,,010-0001-0468,476@abc.com,,,21,2021- 05- 15  00:00:00,2022- 01- 28  00:00:00
477,명성서림,,010-0001-0469,477@abc.com,,,3,2021- 02- 17  00:00:00,2022- 01- 28  00:00:00
478,라이팅하우스,,010-0001-0470,478@abc.com,,,18,2021- 04- 20  00:00:00,2022- 01- 28  00:00:00
479,니케주니어,,010-0001-0471,479@abc.com,,,13,2021- 12- 10  00:00:00,2022- 01- 28  00:00:00
480,유영,,010-0001-0472,480@abc.com,,,22,2021- 10- 22  00:00:00,2022- 01- 28  00:00:00
481,프롬북스,,010-0001-0473,481@abc.com,,,13,2021- 12- 18  00:00:00,2022- 01- 28  00:00:00
482,부키,,010-0001-0474,482@abc.com,,,27,2021- 09- 19  00:00:00,2022- 01- 28  00:00:00
483,워터베어프레스,,010-0001-0475,483@abc.com,,,15,2021- 09- 11  00:00:00,2022- 01- 28  00:00:00
484,검은숲,,010-0001-0476,484@abc.com,,,20,2021- 05- 19  00:00:00,2022- 01- 28  00:00:00
485,씨드북,,010-0001-0477,485@abc.com,,,26,2021- 05- 08  00:00:00,2022- 01- 28  00:00:00
486,예림당,,010-0001-0478,486@abc.com,,,30,2021- 01- 13  00:00:00,2022- 01- 28  00:00:00
487,경향미디어,,010-0001-0479,487@abc.com,,,27,2021- 05- 15  00:00:00,2022- 01- 28  00:00:00
488,진선books:진선출판사,,010-0001-0480,488@abc.com,,,13,2021- 09- 12  00:00:00,2022- 01- 28  00:00:00
489,비즈니스맵:한국물가정보,,010-0001-0481,489@abc.com,,,17,2021- 06- 23  00:00:00,2022- 01- 28  00:00:00
490,시공주니어:시공사,,010-0001-0482,490@abc.com,,,10,2021- 06- 17  00:00:00,2022- 01- 28  00:00:00
491,Qrious:넥서스,,010-0001-0483,491@abc.com,,,11,2021- 05- 03  00:00:00,2022- 01- 28  00:00:00
492,아트테라피,,010-0001-0484,492@abc.com,,,27,2021- 09- 24  00:00:00,2022- 01- 28  00:00:00
493,인간사랑,,010-0001-0485,493@abc.com,,,18,2021- 06- 08  00:00:00,2022- 01- 28  00:00:00
494,해냄,,010-0001-0486,494@abc.com,,,27,2021- 07- 17  00:00:00,2022- 01- 28  00:00:00
495,남해의봄날,,010-0001-0487,495@abc.com,,,9,2021- 10- 23  00:00:00,2022- 01- 28  00:00:00
496,책밥:오렌지페이퍼,,010-0001-0488,496@abc.com,,,27,2021- 11- 06  00:00:00,2022- 01- 28  00:00:00
497,슬기북스,,010-0001-0489,497@abc.com,,,15,2021- 01- 26  00:00:00,2022- 01- 28  00:00:00
498,EBS,,010-0001-0490,498@abc.com,,,7,2021- 01- 01  00:00:00,2022- 01- 28  00:00:00
499,팬덤북스,,010-0001-0491,499@abc.com,,,27,2021- 01- 27  00:00:00,2022- 01- 28  00:00:00
500,베가북스,,010-0001-0492,500@abc.com,,,25,2021- 07- 01  00:00:00,2022- 01- 28  00:00:00
501,책든손,,010-0001-0493,501@abc.com,,,15,2021- 02- 11  00:00:00,2022- 01- 28  00:00:00
502,자연과생태,,010-0001-0494,502@abc.com,,,5,2021- 02- 20  00:00:00,2022- 01- 28  00:00:00
503,키다리,,010-0001-0495,503@abc.com,,,11,2021- 08- 05  00:00:00,2022- 01- 28  00:00:00
504,갈라파고스,,010-0001-0496,504@abc.com,,,10,2021- 05- 28  00:00:00,2022- 01- 28  00:00:00
505,Greencook(그린쿡),,010-0001-0497,505@abc.com,,,16,2021- 10- 15  00:00:00,2022- 01- 28  00:00:00
506,검은숲:시공사,,010-0001-0498,506@abc.com,,,22,2021- 10- 22  00:00:00,2022- 01- 28  00:00:00
507,빌리버튼,,010-0001-0499,507@abc.com,,,13,2021- 01- 23  00:00:00,2022- 01- 28  00:00:00
508,돌핀북,,010-0001-0500,508@abc.com,,,12,2021- 01- 03  00:00:00,2022- 01- 28  00:00:00
509,라이프런,,010-0001-0501,509@abc.com,,,13,2021- 12- 13  00:00:00,2022- 01- 28  00:00:00
510,슬로비,,010-0001-0502,510@abc.com,,,15,2021- 05- 09  00:00:00,2022- 01- 28  00:00:00
511,비아북,,010-0001-0503,511@abc.com,,,5,2021- 12- 01  00:00:00,2022- 01- 28  00:00:00
512,복두출판사,,010-0001-0504,512@abc.com,,,13,2021- 05- 02  00:00:00,2022- 01- 28  00:00:00
513,인피니티북스,,010-0001-0505,513@abc.com,,,17,2021- 10- 23  00:00:00,2022- 01- 28  00:00:00
514,동녘사이언스,,010-0001-0506,514@abc.com,,,15,2021- 04- 18  00:00:00,2022- 01- 28  00:00:00
515,북오션,,010-0001-0507,515@abc.com,,,16,2021- 09- 23  00:00:00,2022- 01- 28  00:00:00
516,바른북스,,010-0001-0508,516@abc.com,,,8,2021- 09- 13  00:00:00,2022- 01- 28  00:00:00
517,마음세상,,010-0001-0509,517@abc.com,,,19,2021- 08- 10  00:00:00,2022- 01- 28  00:00:00
518,한울림,,010-0001-0510,518@abc.com,,,10,2021- 04- 14  00:00:00,2022- 01- 28  00:00:00
519,상상의집,,010-0001-0511,519@abc.com,,,25,2021- 06- 27  00:00:00,2022- 01- 28  00:00:00
520,북트리거,,010-0001-0512,520@abc.com,,,18,2021- 09- 12  00:00:00,2022- 01- 28  00:00:00
521,구슬꿰는실,,010-0001-0513,521@abc.com,,,29,2021- 03- 23  00:00:00,2022- 01- 28  00:00:00
522,이은북,,010-0001-0514,522@abc.com,,,12,2021- 04- 17  00:00:00,2022- 01- 28  00:00:00
523,북트리,,010-0001-0515,523@abc.com,,,10,2021- 01- 27  00:00:00,2022- 01- 28  00:00:00
524,아작,,010-0001-0516,524@abc.com,,,11,2021- 11- 05  00:00:00,2022- 01- 28  00:00:00
525,Designhouse(디자인하우스),,010-0001-0517,525@abc.com,,,9,2021- 09- 21  00:00:00,2022- 01- 28  00:00:00
526,웨일북:whalebooks,,010-0001-0518,526@abc.com,,,4,2021- 08- 15  00:00:00,2022- 01- 28  00:00:00
527,글로세움,,010-0001-0519,527@abc.com,,,7,2021- 09- 09  00:00:00,2022- 01- 28  00:00:00
528,성안당,,010-0001-0520,528@abc.com,,,2,2021- 03- 25  00:00:00,2022- 01- 28  00:00:00
529,M창비(미디어창비),,010-0001-0521,529@abc.com,,,4,2021- 12- 22  00:00:00,2022- 01- 28  00:00:00
530,문예출판사,,010-0001-0522,530@abc.com,,,18,2021- 06- 23  00:00:00,2022- 01- 28  00:00:00
531,시크릿하우스,,010-0001-0523,531@abc.com,,,5,2021- 05- 20  00:00:00,2022- 01- 28  00:00:00
532,더봄,,010-0001-0524,532@abc.com,,,1,2021- 05- 06  00:00:00,2022- 01- 28  00:00:00
533,Darakwon:다락원,,010-0001-0525,533@abc.com,,,17,2021- 06- 25  00:00:00,2022- 01- 28  00:00:00
534,더스:더디퍼런스,,010-0001-0526,534@abc.com,,,11,2021- 09- 17  00:00:00,2022- 01- 28  00:00:00
535,코난북스,,010-0001-0527,535@abc.com,,,3,2021- 06- 01  00:00:00,2022- 01- 28  00:00:00
536,위북,,010-0001-0528,536@abc.com,,,2,2021- 04- 20  00:00:00,2022- 01- 28  00:00:00
537,가람어린이,,010-0001-0529,537@abc.com,,,8,2021- 11- 21  00:00:00,2022- 01- 28  00:00:00
538,도토리숲,,010-0001-0530,538@abc.com,,,11,2021- 07- 08  00:00:00,2022- 01- 28  00:00:00
539,신원문화사,,010-0001-0531,539@abc.com,,,3,2021- 12- 08  00:00:00,2022- 01- 28  00:00:00
540,푸른숲,,010-0001-0532,540@abc.com,,,16,2021- 11- 08  00:00:00,2022- 01- 28  00:00:00
541,에코리브르,,010-0001-0533,541@abc.com,,,18,2021- 05- 10  00:00:00,2022- 01- 28  00:00:00
542,제우미디어,,010-0001-0534,542@abc.com,,,17,2021- 05- 07  00:00:00,2022- 01- 28  00:00:00
543,호모루덴스:로크미디어,,010-0001-0535,543@abc.com,,,28,2021- 01- 17  00:00:00,2022- 01- 28  00:00:00
544,잔,,010-0001-0536,544@abc.com,,,8,2021- 05- 24  00:00:00,2022- 01- 28  00:00:00
545,스타비즈,,010-0001-0537,545@abc.com,,,14,2021- 08- 10  00:00:00,2022- 01- 28  00:00:00
546,생각의창,,010-0001-0538,546@abc.com,,,30,2021- 04- 08  00:00:00,2022- 01- 28  00:00:00
547,신사와전사,,010-0001-0539,547@abc.com,,,22,2021- 01- 04  00:00:00,2022- 01- 28  00:00:00
548,올리브M&B:올리브엠앤비,,010-0001-0540,548@abc.com,,,27,2021- 12- 01  00:00:00,2022- 01- 28  00:00:00
549,흐름출판,,010-0001-0541,549@abc.com,,,24,2021- 01- 24  00:00:00,2022- 01- 28  00:00:00
550,HCbooks(힘찬북스),,010-0001-0542,550@abc.com,,,25,2021- 01- 08  00:00:00,2022- 01- 28  00:00:00
551,아템포:문학동네,,010-0001-0543,551@abc.com,,,17,2021- 08- 24  00:00:00,2022- 01- 28  00:00:00
552,책갈피,,010-0001-0544,552@abc.com,,,17,2021- 09- 24  00:00:00,2022- 01- 28  00:00:00
553,강,,010-0001-0545,553@abc.com,,,16,2021- 03- 21  00:00:00,2022- 01- 28  00:00:00
554,이야기꽃,,010-0001-0546,554@abc.com,,,18,2021- 05- 16  00:00:00,2022- 01- 28  00:00:00
555,진서원,,010-0001-0547,555@abc.com,,,20,2021- 09- 17  00:00:00,2022- 01- 28  00:00:00
556,어바웃어북,,010-0001-0548,556@abc.com,,,13,2021- 03- 15  00:00:00,2022- 01- 28  00:00:00
557,노란상상,,010-0001-0549,557@abc.com,,,21,2021- 01- 16  00:00:00,2022- 01- 28  00:00:00
558,스토리-i,,010-0001-0550,558@abc.com,,,10,2021- 03- 02  00:00:00,2022- 01- 28  00:00:00
559,산하,,010-0001-0551,559@abc.com,,,7,2021- 11- 27  00:00:00,2022- 01- 28  00:00:00
560,레몬북스,,010-0001-0552,560@abc.com,,,15,2021- 11- 15  00:00:00,2022- 01- 28  00:00:00
561,국일아이,,010-0001-0553,561@abc.com,,,13,2021- 02- 19  00:00:00,2022- 01- 28  00:00:00
562,피니스아프리카에,,010-0001-0554,562@abc.com,,,10,2021- 01- 11  00:00:00,2022- 01- 28  00:00:00
563,황소자리(황소자리 출판사),,010-0001-0555,563@abc.com,,,5,2021- 09- 03  00:00:00,2022- 01- 28  00:00:00
564,토네이도,,010-0001-0556,564@abc.com,,,7,2021- 10- 04  00:00:00,2022- 01- 28  00:00:00
565,즐거운상상,,010-0001-0557,565@abc.com,,,25,2021- 04- 28  00:00:00,2022- 01- 28  00:00:00
566,국민서관,,010-0001-0558,566@abc.com,,,22,2021- 03- 15  00:00:00,2022- 01- 28  00:00:00
567,니케주니어:니케북스,,010-0001-0559,567@abc.com,,,30,2021- 10- 20  00:00:00,2022- 01- 28  00:00:00
568,도토리,,010-0001-0560,568@abc.com,,,17,2021- 04- 24  00:00:00,2022- 01- 28  00:00:00
569,스콜라,,010-0001-0561,569@abc.com,,,16,2021- 11- 28  00:00:00,2022- 01- 28  00:00:00
570,라온아시아,,010-0001-0562,570@abc.com,,,26,2021- 10- 04  00:00:00,2022- 01- 28  00:00:00
571,민플러스,,010-0001-0563,571@abc.com,,,30,2021- 06- 12  00:00:00,2022- 01- 28  00:00:00
572,큐큐,,010-0001-0564,572@abc.com,,,13,2021- 10- 27  00:00:00,2022- 01- 28  00:00:00
573,미래엔아이세움,,010-0001-0565,573@abc.com,,,8,2021- 01- 07  00:00:00,2022- 01- 28  00:00:00
574,넥서스Friends,,010-0001-0566,574@abc.com,,,23,2021- 10- 16  00:00:00,2022- 01- 28  00:00:00
575,길벗스쿨,,010-0001-0567,575@abc.com,,,3,2021- 02- 08  00:00:00,2022- 01- 28  00:00:00
576,학산미디어,,010-0001-0568,576@abc.com,,,9,2021- 04- 28  00:00:00,2022- 01- 28  00:00:00
577,Daon Books Company:다온북스컴퍼니,,010-0001-0569,577@abc.com,,,10,2021- 04- 01  00:00:00,2022- 01- 28  00:00:00
578,굿인포메이션,,010-0001-0570,578@abc.com,,,27,2021- 05- 22  00:00:00,2022- 01- 28  00:00:00
579,하이픈:다온북스,,010-0001-0571,579@abc.com,,,24,2021- 07- 17  00:00:00,2022- 01- 28  00:00:00